{"linear_regression": {"rmse": 5.069735367105256, "mae": 4.001156100256546, "r2": 0.7117050399745137}, "random_forest": {"rmse": 5.74309094701792, "mae": 4.493969520547947, "r2": 0.6300373710129643}, "best_model": "Linear Regression", "correlation_matrix": {"pm2.5": {"pm2.5": 1.0, "pm10": 0.06370158730220005, "temperature": 0.015163322106212164, "predicted_aqi": 0.5670504786398971}, "pm10": {"pm2.5": 0.06370158730220005, "pm10": 1.0, "temperature": 0.004029209377381596, "predicted_aqi": 0.6542043962492388}, "temperature": {"pm2.5": 0.015163322106212164, "pm10": 0.004029209377381596, "temperature": 1.0, "predicted_aqi": -0.17073256911287393}, "predicted_aqi": {"pm2.5": 0.5670504786398971, "pm10": 0.6542043962492388, "temperature": -0.17073256911287393, "predicted_aqi": 1.0}}}